tag,a person,female,male
False,10.135135135135135,6.756756756756757,8.108108108108109
True,4.864864864864865,3.2432432432432434,3.891891891891892
