tag,a person,female,male
False,-0.042447635997800874,-1.445253180849901,1.3667875138835983
True,0.061267885174483956,2.086043282527133,-1.9727878476642875
