tag,Arab,Asian,Christian,Hispanic,Indian,Jewish,Muslim,a person,black,female,male,white
Arabic,1.3265306122448979,1.2244897959183674,1.2244897959183674,1.530612244897959,0.8163265306122449,1.6326530612244898,1.4285714285714286,1.530612244897959,1.1224489795918366,1.0204081632653061,1.2244897959183674,0.9183673469387755
Hebrew,0.7959183673469388,0.7346938775510204,0.7346938775510204,0.9183673469387755,0.4897959183673469,0.9795918367346939,0.8571428571428571,0.9183673469387755,0.673469387755102,0.6122448979591837,0.7346938775510204,0.5510204081632653
Other,0.35374149659863946,0.32653061224489793,0.32653061224489793,0.40816326530612246,0.21768707482993196,0.43537414965986393,0.38095238095238093,0.40816326530612246,0.29931972789115646,0.272108843537415,0.32653061224489793,0.24489795918367346
Spanish,1.1496598639455782,1.0612244897959184,1.0612244897959184,1.3265306122448979,0.7074829931972789,1.4149659863945578,1.2380952380952381,1.3265306122448979,0.9727891156462585,0.8843537414965986,1.0612244897959184,0.7959183673469388
X,9.374149659863946,8.653061224489797,8.653061224489797,10.816326530612244,5.7687074829931975,11.537414965986395,10.095238095238095,10.816326530612244,7.931972789115647,7.210884353741497,8.653061224489797,6.489795918367347
